{"cameraMode":{"drawMode":0,"name":"Shaded","section":"Shading Mode"},"sceneLighting":true,"audioPlay":false,"sceneViewState":{"m_AlwaysRefresh":false,"showFog":true,"showSkybox":true,"showFlares":true,"showImageEffects":true,"showParticleSystems":true,"showVisualEffectGraphs":true,"m_FxEnabled":true},"in2DMode":false,"pivot":{"x":3.4573590755462648,"y":-5.441038131713867,"z":-11.020845413208008},"rotation":{"x":0.03992297127842903,"y":0.9587922096252441,"z":-0.2227853536605835,"w":0.17179806530475617},"size":11.253011703491211,"orthographic":false}